frame_id,reason
0000000000,frame_failed:'missing_pose_frame'
0000000002,frame_failed:'missing_pose_frame'
0000000003,frame_failed:'missing_pose_frame'
0000000004,frame_failed:'missing_pose_frame'
0000000005,frame_failed:'missing_pose_frame'
0000000006,frame_failed:'missing_pose_frame'
0000000007,frame_failed:'missing_pose_frame'
0000000008,frame_failed:'missing_pose_frame'
0000000009,frame_failed:'missing_pose_frame'
0000000011,frame_failed:'missing_pose_frame'
0000000012,frame_failed:'missing_pose_frame'
0000000014,frame_failed:'missing_pose_frame'
0000000016,frame_failed:'missing_pose_frame'
0000000854,frame_failed:'missing_pose_frame'
0000000855,frame_failed:'missing_pose_frame'
0000000856,frame_failed:'missing_pose_frame'
0000000857,frame_failed:'missing_pose_frame'
0000000858,frame_failed:'missing_pose_frame'
0000000859,frame_failed:'missing_pose_frame'
0000000860,frame_failed:'missing_pose_frame'
0000000861,frame_failed:'missing_pose_frame'
0000000862,frame_failed:'missing_pose_frame'
0000000863,frame_failed:'missing_pose_frame'
0000000864,frame_failed:'missing_pose_frame'
0000000865,frame_failed:'missing_pose_frame'
0000000866,frame_failed:'missing_pose_frame'
0000000867,frame_failed:'missing_pose_frame'
0000000868,frame_failed:'missing_pose_frame'
0000000869,frame_failed:'missing_pose_frame'
0000000870,frame_failed:'missing_pose_frame'
0000000871,frame_failed:'missing_pose_frame'
0000000872,frame_failed:'missing_pose_frame'
0000000873,frame_failed:'missing_pose_frame'
0000000874,frame_failed:'missing_pose_frame'
0000000875,frame_failed:'missing_pose_frame'
0000000876,frame_failed:'missing_pose_frame'
0000000877,frame_failed:'missing_pose_frame'
0000000878,frame_failed:'missing_pose_frame'
0000000879,frame_failed:'missing_pose_frame'
0000001415,frame_failed:'missing_pose_frame'
0000001417,frame_failed:'missing_pose_frame'
0000001419,frame_failed:'missing_pose_frame'
0000001421,frame_failed:'missing_pose_frame'
0000001423,frame_failed:'missing_pose_frame'
0000001425,frame_failed:'missing_pose_frame'
0000001426,frame_failed:'missing_pose_frame'
0000001428,frame_failed:'missing_pose_frame'
0000001429,frame_failed:'missing_pose_frame'
0000001430,frame_failed:'missing_pose_frame'
0000001432,frame_failed:'missing_pose_frame'
0000001433,frame_failed:'missing_pose_frame'
0000001434,frame_failed:'missing_pose_frame'
0000001435,frame_failed:'missing_pose_frame'
0000001436,frame_failed:'missing_pose_frame'
0000001437,frame_failed:'missing_pose_frame'
0000001438,frame_failed:'missing_pose_frame'
0000001439,frame_failed:'missing_pose_frame'
0000001441,frame_failed:'missing_pose_frame'
0000001442,frame_failed:'missing_pose_frame'
0000001443,frame_failed:'missing_pose_frame'
0000001444,frame_failed:'missing_pose_frame'
0000001445,frame_failed:'missing_pose_frame'
0000001446,frame_failed:'missing_pose_frame'
0000001447,frame_failed:'missing_pose_frame'
0000001448,frame_failed:'missing_pose_frame'
0000001449,frame_failed:'missing_pose_frame'
0000001450,frame_failed:'missing_pose_frame'
0000001451,frame_failed:'missing_pose_frame'
0000001452,frame_failed:'missing_pose_frame'
0000001453,frame_failed:'missing_pose_frame'
0000001454,frame_failed:'missing_pose_frame'
0000001455,frame_failed:'missing_pose_frame'
0000001456,frame_failed:'missing_pose_frame'
0000001457,frame_failed:'missing_pose_frame'
0000001458,frame_failed:'missing_pose_frame'
0000001459,frame_failed:'missing_pose_frame'
0000001460,frame_failed:'missing_pose_frame'
0000001461,frame_failed:'missing_pose_frame'
0000001462,frame_failed:'missing_pose_frame'
0000001463,frame_failed:'missing_pose_frame'
0000001464,frame_failed:'missing_pose_frame'
0000001465,frame_failed:'missing_pose_frame'
0000001466,frame_failed:'missing_pose_frame'
0000001467,frame_failed:'missing_pose_frame'
0000001468,frame_failed:'missing_pose_frame'
0000001469,frame_failed:'missing_pose_frame'
0000001470,frame_failed:'missing_pose_frame'
0000001471,frame_failed:'missing_pose_frame'
0000001472,frame_failed:'missing_pose_frame'
0000001473,frame_failed:'missing_pose_frame'
0000001474,frame_failed:'missing_pose_frame'
0000001475,frame_failed:'missing_pose_frame'
0000001476,frame_failed:'missing_pose_frame'
0000001477,frame_failed:'missing_pose_frame'
0000001478,frame_failed:'missing_pose_frame'
0000001479,frame_failed:'missing_pose_frame'
0000001480,frame_failed:'missing_pose_frame'
0000001481,frame_failed:'missing_pose_frame'
0000001482,frame_failed:'missing_pose_frame'
0000001483,frame_failed:'missing_pose_frame'
0000001484,frame_failed:'missing_pose_frame'
0000001485,frame_failed:'missing_pose_frame'
0000001486,frame_failed:'missing_pose_frame'
0000001487,frame_failed:'missing_pose_frame'
0000001488,frame_failed:'missing_pose_frame'
0000001489,frame_failed:'missing_pose_frame'
0000001490,frame_failed:'missing_pose_frame'
0000001491,frame_failed:'missing_pose_frame'
0000001492,frame_failed:'missing_pose_frame'
0000001493,frame_failed:'missing_pose_frame'
0000001494,frame_failed:'missing_pose_frame'
0000001496,frame_failed:'missing_pose_frame'
0000001497,frame_failed:'missing_pose_frame'
0000001498,frame_failed:'missing_pose_frame'
0000001499,frame_failed:'missing_pose_frame'
0000001501,frame_failed:'missing_pose_frame'
0000001502,frame_failed:'missing_pose_frame'
0000001504,frame_failed:'missing_pose_frame'
0000001505,frame_failed:'missing_pose_frame'
0000001507,frame_failed:'missing_pose_frame'
0000001508,frame_failed:'missing_pose_frame'
0000001510,frame_failed:'missing_pose_frame'
0000001512,frame_failed:'missing_pose_frame'
0000001514,frame_failed:'missing_pose_frame'
0000001516,frame_failed:'missing_pose_frame'
0000002099,frame_failed:'missing_pose_frame'
0000002100,frame_failed:'missing_pose_frame'
0000002101,frame_failed:'missing_pose_frame'
0000002102,frame_failed:'missing_pose_frame'
0000002103,frame_failed:'missing_pose_frame'
0000002104,frame_failed:'missing_pose_frame'
0000002105,frame_failed:'missing_pose_frame'
0000002106,frame_failed:'missing_pose_frame'
0000002107,frame_failed:'missing_pose_frame'
0000002108,frame_failed:'missing_pose_frame'
0000002109,frame_failed:'missing_pose_frame'
0000002110,frame_failed:'missing_pose_frame'
0000002111,frame_failed:'missing_pose_frame'
0000002112,frame_failed:'missing_pose_frame'
0000002113,frame_failed:'missing_pose_frame'
0000002114,frame_failed:'missing_pose_frame'
0000002115,frame_failed:'missing_pose_frame'
0000002116,frame_failed:'missing_pose_frame'
0000002117,frame_failed:'missing_pose_frame'
0000002118,frame_failed:'missing_pose_frame'
0000002119,frame_failed:'missing_pose_frame'
0000002120,frame_failed:'missing_pose_frame'
0000002121,frame_failed:'missing_pose_frame'
0000002122,frame_failed:'missing_pose_frame'
0000002123,frame_failed:'missing_pose_frame'
0000002124,frame_failed:'missing_pose_frame'
0000002125,frame_failed:'missing_pose_frame'
0000002126,frame_failed:'missing_pose_frame'
0000002127,frame_failed:'missing_pose_frame'
0000002234,frame_failed:'missing_pose_frame'
0000002236,frame_failed:'missing_pose_frame'
0000002238,frame_failed:'missing_pose_frame'
0000002239,frame_failed:'missing_pose_frame'
0000002241,frame_failed:'missing_pose_frame'
0000002242,frame_failed:'missing_pose_frame'
0000002243,frame_failed:'missing_pose_frame'
0000002244,frame_failed:'missing_pose_frame'
0000002245,frame_failed:'missing_pose_frame'
0000002246,frame_failed:'missing_pose_frame'
0000002247,frame_failed:'missing_pose_frame'
0000002248,frame_failed:'missing_pose_frame'
0000002249,frame_failed:'missing_pose_frame'
0000002250,frame_failed:'missing_pose_frame'
0000002251,frame_failed:'missing_pose_frame'
0000002252,frame_failed:'missing_pose_frame'
0000002253,frame_failed:'missing_pose_frame'
0000002254,frame_failed:'missing_pose_frame'
0000002255,frame_failed:'missing_pose_frame'
0000002256,frame_failed:'missing_pose_frame'
0000002257,frame_failed:'missing_pose_frame'
0000002258,frame_failed:'missing_pose_frame'
0000002259,frame_failed:'missing_pose_frame'
0000002260,frame_failed:'missing_pose_frame'
0000002261,frame_failed:'missing_pose_frame'
0000002262,frame_failed:'missing_pose_frame'
0000002263,frame_failed:'missing_pose_frame'
0000002264,frame_failed:'missing_pose_frame'
0000002265,frame_failed:'missing_pose_frame'
0000002266,frame_failed:'missing_pose_frame'
0000002267,frame_failed:'missing_pose_frame'
0000002268,frame_failed:'missing_pose_frame'
0000002269,frame_failed:'missing_pose_frame'
0000002270,frame_failed:'missing_pose_frame'
0000002271,frame_failed:'missing_pose_frame'
0000002272,frame_failed:'missing_pose_frame'
0000002273,frame_failed:'missing_pose_frame'
0000002274,frame_failed:'missing_pose_frame'
0000002275,frame_failed:'missing_pose_frame'
0000002276,frame_failed:'missing_pose_frame'
0000002277,frame_failed:'missing_pose_frame'
0000002278,frame_failed:'missing_pose_frame'
0000002279,frame_failed:'missing_pose_frame'
0000002280,frame_failed:'missing_pose_frame'
0000002281,frame_failed:'missing_pose_frame'
0000002282,frame_failed:'missing_pose_frame'
0000002283,frame_failed:'missing_pose_frame'
0000002284,frame_failed:'missing_pose_frame'
0000002285,frame_failed:'missing_pose_frame'
0000002286,frame_failed:'missing_pose_frame'
0000002287,frame_failed:'missing_pose_frame'
0000002288,frame_failed:'missing_pose_frame'
0000002289,frame_failed:'missing_pose_frame'
0000002290,frame_failed:'missing_pose_frame'
0000002291,frame_failed:'missing_pose_frame'
0000002292,frame_failed:'missing_pose_frame'
0000002293,frame_failed:'missing_pose_frame'
0000002294,frame_failed:'missing_pose_frame'
0000002295,frame_failed:'missing_pose_frame'
0000002296,frame_failed:'missing_pose_frame'
0000002297,frame_failed:'missing_pose_frame'
0000002298,frame_failed:'missing_pose_frame'
0000002299,frame_failed:'missing_pose_frame'
0000002300,frame_failed:'missing_pose_frame'
0000002301,frame_failed:'missing_pose_frame'
0000002302,frame_failed:'missing_pose_frame'
0000002303,frame_failed:'missing_pose_frame'
0000002304,frame_failed:'missing_pose_frame'
0000002305,frame_failed:'missing_pose_frame'
0000002306,frame_failed:'missing_pose_frame'
0000002307,frame_failed:'missing_pose_frame'
0000002308,frame_failed:'missing_pose_frame'
0000002309,frame_failed:'missing_pose_frame'
0000002310,frame_failed:'missing_pose_frame'
0000002311,frame_failed:'missing_pose_frame'
0000002312,frame_failed:'missing_pose_frame'
0000002313,frame_failed:'missing_pose_frame'
0000002314,frame_failed:'missing_pose_frame'
0000002315,frame_failed:'missing_pose_frame'
0000002316,frame_failed:'missing_pose_frame'
0000002317,frame_failed:'missing_pose_frame'
0000002318,frame_failed:'missing_pose_frame'
0000002319,frame_failed:'missing_pose_frame'
0000002320,frame_failed:'missing_pose_frame'
0000002321,frame_failed:'missing_pose_frame'
0000002322,frame_failed:'missing_pose_frame'
0000002323,frame_failed:'missing_pose_frame'
0000002324,frame_failed:'missing_pose_frame'
0000002325,frame_failed:'missing_pose_frame'
0000002326,frame_failed:'missing_pose_frame'
0000002327,frame_failed:'missing_pose_frame'
0000002328,frame_failed:'missing_pose_frame'
0000002329,frame_failed:'missing_pose_frame'
0000002330,frame_failed:'missing_pose_frame'
0000002331,frame_failed:'missing_pose_frame'
0000002332,frame_failed:'missing_pose_frame'
0000002333,frame_failed:'missing_pose_frame'
0000002334,frame_failed:'missing_pose_frame'
0000002335,frame_failed:'missing_pose_frame'
0000002336,frame_failed:'missing_pose_frame'
0000002337,frame_failed:'missing_pose_frame'
0000002338,frame_failed:'missing_pose_frame'
0000002339,frame_failed:'missing_pose_frame'
0000002340,frame_failed:'missing_pose_frame'
0000002341,frame_failed:'missing_pose_frame'
0000002342,frame_failed:'missing_pose_frame'
0000002343,frame_failed:'missing_pose_frame'
0000002344,frame_failed:'missing_pose_frame'
0000002345,frame_failed:'missing_pose_frame'
0000002346,frame_failed:'missing_pose_frame'
0000002347,frame_failed:'missing_pose_frame'
0000002348,frame_failed:'missing_pose_frame'
0000002349,frame_failed:'missing_pose_frame'
0000002350,frame_failed:'missing_pose_frame'
0000002351,frame_failed:'missing_pose_frame'
0000002352,frame_failed:'missing_pose_frame'
0000002353,frame_failed:'missing_pose_frame'
0000002354,frame_failed:'missing_pose_frame'
0000002355,frame_failed:'missing_pose_frame'
0000002356,frame_failed:'missing_pose_frame'
0000002357,frame_failed:'missing_pose_frame'
0000002358,frame_failed:'missing_pose_frame'
0000002359,frame_failed:'missing_pose_frame'
0000002360,frame_failed:'missing_pose_frame'
0000002361,frame_failed:'missing_pose_frame'
0000002362,frame_failed:'missing_pose_frame'
0000002363,frame_failed:'missing_pose_frame'
0000002364,frame_failed:'missing_pose_frame'
0000002365,frame_failed:'missing_pose_frame'
0000002366,frame_failed:'missing_pose_frame'
0000002367,frame_failed:'missing_pose_frame'
0000002368,frame_failed:'missing_pose_frame'
0000002369,frame_failed:'missing_pose_frame'
0000002370,frame_failed:'missing_pose_frame'
0000002371,frame_failed:'missing_pose_frame'
0000002372,frame_failed:'missing_pose_frame'
0000002373,frame_failed:'missing_pose_frame'
0000002374,frame_failed:'missing_pose_frame'
0000002375,frame_failed:'missing_pose_frame'
0000002376,frame_failed:'missing_pose_frame'
0000002377,frame_failed:'missing_pose_frame'
0000002378,frame_failed:'missing_pose_frame'
0000002379,frame_failed:'missing_pose_frame'
0000002380,frame_failed:'missing_pose_frame'
0000002381,frame_failed:'missing_pose_frame'
0000002382,frame_failed:'missing_pose_frame'
0000002383,frame_failed:'missing_pose_frame'
0000002384,frame_failed:'missing_pose_frame'
0000002385,frame_failed:'missing_pose_frame'
0000002386,frame_failed:'missing_pose_frame'
0000002387,frame_failed:'missing_pose_frame'
0000002388,frame_failed:'missing_pose_frame'
0000002389,frame_failed:'missing_pose_frame'
0000002390,frame_failed:'missing_pose_frame'
0000002391,frame_failed:'missing_pose_frame'
0000002392,frame_failed:'missing_pose_frame'
0000002393,frame_failed:'missing_pose_frame'
0000002394,frame_failed:'missing_pose_frame'
0000002395,frame_failed:'missing_pose_frame'
0000002396,frame_failed:'missing_pose_frame'
0000002397,frame_failed:'missing_pose_frame'
0000002398,frame_failed:'missing_pose_frame'
0000002399,frame_failed:'missing_pose_frame'
0000002400,frame_failed:'missing_pose_frame'
0000002401,frame_failed:'missing_pose_frame'
0000002402,frame_failed:'missing_pose_frame'
0000002403,frame_failed:'missing_pose_frame'
0000002404,frame_failed:'missing_pose_frame'
0000002405,frame_failed:'missing_pose_frame'
0000002406,frame_failed:'missing_pose_frame'
0000002407,frame_failed:'missing_pose_frame'
0000002408,frame_failed:'missing_pose_frame'
0000002409,frame_failed:'missing_pose_frame'
0000002410,frame_failed:'missing_pose_frame'
0000002411,frame_failed:'missing_pose_frame'
0000002412,frame_failed:'missing_pose_frame'
0000002413,frame_failed:'missing_pose_frame'
0000002414,frame_failed:'missing_pose_frame'
0000002415,frame_failed:'missing_pose_frame'
0000002416,frame_failed:'missing_pose_frame'
0000002417,frame_failed:'missing_pose_frame'
0000002418,frame_failed:'missing_pose_frame'
0000002419,frame_failed:'missing_pose_frame'
0000002420,frame_failed:'missing_pose_frame'
0000002421,frame_failed:'missing_pose_frame'
0000002422,frame_failed:'missing_pose_frame'
0000002423,frame_failed:'missing_pose_frame'
0000002424,frame_failed:'missing_pose_frame'
0000002425,frame_failed:'missing_pose_frame'
0000002426,frame_failed:'missing_pose_frame'
0000002427,frame_failed:'missing_pose_frame'
0000002428,frame_failed:'missing_pose_frame'
0000002429,frame_failed:'missing_pose_frame'
0000002430,frame_failed:'missing_pose_frame'
0000002431,frame_failed:'missing_pose_frame'
0000002432,frame_failed:'missing_pose_frame'
0000002433,frame_failed:'missing_pose_frame'
0000002434,frame_failed:'missing_pose_frame'
0000002435,frame_failed:'missing_pose_frame'
0000002436,frame_failed:'missing_pose_frame'
0000002437,frame_failed:'missing_pose_frame'
0000002438,frame_failed:'missing_pose_frame'
0000002439,frame_failed:'missing_pose_frame'
0000002440,frame_failed:'missing_pose_frame'
0000002441,frame_failed:'missing_pose_frame'
0000002442,frame_failed:'missing_pose_frame'
0000002443,frame_failed:'missing_pose_frame'
0000002444,frame_failed:'missing_pose_frame'
0000002445,frame_failed:'missing_pose_frame'
0000002446,frame_failed:'missing_pose_frame'
0000002447,frame_failed:'missing_pose_frame'
0000002448,frame_failed:'missing_pose_frame'
0000002449,frame_failed:'missing_pose_frame'
0000002450,frame_failed:'missing_pose_frame'
0000002451,frame_failed:'missing_pose_frame'
0000002452,frame_failed:'missing_pose_frame'
0000002453,frame_failed:'missing_pose_frame'
0000002454,frame_failed:'missing_pose_frame'
0000002455,frame_failed:'missing_pose_frame'
0000002456,frame_failed:'missing_pose_frame'
0000002457,frame_failed:'missing_pose_frame'
0000002458,frame_failed:'missing_pose_frame'
0000002459,frame_failed:'missing_pose_frame'
0000002460,frame_failed:'missing_pose_frame'
0000002461,frame_failed:'missing_pose_frame'
0000002462,frame_failed:'missing_pose_frame'
0000002463,frame_failed:'missing_pose_frame'
0000002464,frame_failed:'missing_pose_frame'
0000002465,frame_failed:'missing_pose_frame'
0000002466,frame_failed:'missing_pose_frame'
0000002467,frame_failed:'missing_pose_frame'
0000002468,frame_failed:'missing_pose_frame'
0000002469,frame_failed:'missing_pose_frame'
0000002470,frame_failed:'missing_pose_frame'
0000002471,frame_failed:'missing_pose_frame'
0000002472,frame_failed:'missing_pose_frame'
0000002473,frame_failed:'missing_pose_frame'
0000002474,frame_failed:'missing_pose_frame'
0000002475,frame_failed:'missing_pose_frame'
0000002476,frame_failed:'missing_pose_frame'
0000002477,frame_failed:'missing_pose_frame'
0000002478,frame_failed:'missing_pose_frame'
0000002479,frame_failed:'missing_pose_frame'
0000002480,frame_failed:'missing_pose_frame'
0000002481,frame_failed:'missing_pose_frame'
0000002482,frame_failed:'missing_pose_frame'
0000002483,frame_failed:'missing_pose_frame'
0000002484,frame_failed:'missing_pose_frame'
0000002485,frame_failed:'missing_pose_frame'
0000002486,frame_failed:'missing_pose_frame'
0000002487,frame_failed:'missing_pose_frame'
0000002488,frame_failed:'missing_pose_frame'
0000002489,frame_failed:'missing_pose_frame'
0000002490,frame_failed:'missing_pose_frame'
0000002491,frame_failed:'missing_pose_frame'
0000002492,frame_failed:'missing_pose_frame'
0000002493,frame_failed:'missing_pose_frame'
0000002494,frame_failed:'missing_pose_frame'
0000002495,frame_failed:'missing_pose_frame'
0000002496,frame_failed:'missing_pose_frame'
0000002497,frame_failed:'missing_pose_frame'
0000002498,frame_failed:'missing_pose_frame'
0000002499,frame_failed:'missing_pose_frame'
0000002500,frame_failed:'missing_pose_frame'
0000002501,frame_failed:'missing_pose_frame'
0000002502,frame_failed:'missing_pose_frame'
0000002503,frame_failed:'missing_pose_frame'
0000002504,frame_failed:'missing_pose_frame'
0000002505,frame_failed:'missing_pose_frame'
0000002506,frame_failed:'missing_pose_frame'
0000002507,frame_failed:'missing_pose_frame'
0000002508,frame_failed:'missing_pose_frame'
0000002509,frame_failed:'missing_pose_frame'
0000002510,frame_failed:'missing_pose_frame'
0000002511,frame_failed:'missing_pose_frame'
0000002512,frame_failed:'missing_pose_frame'
0000002513,frame_failed:'missing_pose_frame'
0000002514,frame_failed:'missing_pose_frame'
0000002515,frame_failed:'missing_pose_frame'
0000002516,frame_failed:'missing_pose_frame'
0000002517,frame_failed:'missing_pose_frame'
0000002518,frame_failed:'missing_pose_frame'
0000002519,frame_failed:'missing_pose_frame'
0000002520,frame_failed:'missing_pose_frame'
0000002521,frame_failed:'missing_pose_frame'
0000002522,frame_failed:'missing_pose_frame'
0000002523,frame_failed:'missing_pose_frame'
0000002524,frame_failed:'missing_pose_frame'
0000002525,frame_failed:'missing_pose_frame'
0000002526,frame_failed:'missing_pose_frame'
0000002527,frame_failed:'missing_pose_frame'
0000002528,frame_failed:'missing_pose_frame'
0000002529,frame_failed:'missing_pose_frame'
0000002530,frame_failed:'missing_pose_frame'
0000002531,frame_failed:'missing_pose_frame'
0000002532,frame_failed:'missing_pose_frame'
0000002533,frame_failed:'missing_pose_frame'
0000002534,frame_failed:'missing_pose_frame'
0000002535,frame_failed:'missing_pose_frame'
0000002536,frame_failed:'missing_pose_frame'
0000002537,frame_failed:'missing_pose_frame'
0000002538,frame_failed:'missing_pose_frame'
0000002539,frame_failed:'missing_pose_frame'
0000002540,frame_failed:'missing_pose_frame'
0000002541,frame_failed:'missing_pose_frame'
0000002542,frame_failed:'missing_pose_frame'
0000002543,frame_failed:'missing_pose_frame'
0000002544,frame_failed:'missing_pose_frame'
0000002545,frame_failed:'missing_pose_frame'
0000002546,frame_failed:'missing_pose_frame'
0000002547,frame_failed:'missing_pose_frame'
0000002548,frame_failed:'missing_pose_frame'
0000002549,frame_failed:'missing_pose_frame'
0000002550,frame_failed:'missing_pose_frame'
0000002551,frame_failed:'missing_pose_frame'
0000002552,frame_failed:'missing_pose_frame'
0000002553,frame_failed:'missing_pose_frame'
0000002554,frame_failed:'missing_pose_frame'
0000002555,frame_failed:'missing_pose_frame'
0000002556,frame_failed:'missing_pose_frame'
0000002557,frame_failed:'missing_pose_frame'
0000002558,frame_failed:'missing_pose_frame'
0000002559,frame_failed:'missing_pose_frame'
0000002560,frame_failed:'missing_pose_frame'
0000002561,frame_failed:'missing_pose_frame'
0000002562,frame_failed:'missing_pose_frame'
0000002563,frame_failed:'missing_pose_frame'
0000002564,frame_failed:'missing_pose_frame'
0000002565,frame_failed:'missing_pose_frame'
0000002566,frame_failed:'missing_pose_frame'
0000002567,frame_failed:'missing_pose_frame'
0000002568,frame_failed:'missing_pose_frame'
0000002569,frame_failed:'missing_pose_frame'
0000002570,frame_failed:'missing_pose_frame'
0000002571,frame_failed:'missing_pose_frame'
0000002572,frame_failed:'missing_pose_frame'
0000002573,frame_failed:'missing_pose_frame'
0000002574,frame_failed:'missing_pose_frame'
0000002575,frame_failed:'missing_pose_frame'
0000002576,frame_failed:'missing_pose_frame'
0000002577,frame_failed:'missing_pose_frame'
0000002578,frame_failed:'missing_pose_frame'
0000002579,frame_failed:'missing_pose_frame'
0000002580,frame_failed:'missing_pose_frame'
0000002581,frame_failed:'missing_pose_frame'
0000002582,frame_failed:'missing_pose_frame'
0000002583,frame_failed:'missing_pose_frame'
0000002584,frame_failed:'missing_pose_frame'
0000002585,frame_failed:'missing_pose_frame'
0000002586,frame_failed:'missing_pose_frame'
0000002587,frame_failed:'missing_pose_frame'
0000002588,frame_failed:'missing_pose_frame'
0000002589,frame_failed:'missing_pose_frame'
0000002590,frame_failed:'missing_pose_frame'
0000002591,frame_failed:'missing_pose_frame'
0000002592,frame_failed:'missing_pose_frame'
0000002593,frame_failed:'missing_pose_frame'
0000002594,frame_failed:'missing_pose_frame'
0000002595,frame_failed:'missing_pose_frame'
0000002596,frame_failed:'missing_pose_frame'
0000002597,frame_failed:'missing_pose_frame'
0000002598,frame_failed:'missing_pose_frame'
0000002599,frame_failed:'missing_pose_frame'
0000002600,frame_failed:'missing_pose_frame'
0000002602,frame_failed:'missing_pose_frame'
0000002603,frame_failed:'missing_pose_frame'
0000002604,frame_failed:'missing_pose_frame'
0000002606,frame_failed:'missing_pose_frame'
0000002608,frame_failed:'missing_pose_frame'
0000002610,frame_failed:'missing_pose_frame'
0000003421,frame_failed:'missing_pose_frame'
0000003423,frame_failed:'missing_pose_frame'
0000003425,frame_failed:'missing_pose_frame'
0000003427,frame_failed:'missing_pose_frame'
0000003429,frame_failed:'missing_pose_frame'
0000003430,frame_failed:'missing_pose_frame'
0000003432,frame_failed:'missing_pose_frame'
0000003434,frame_failed:'missing_pose_frame'
0000003436,frame_failed:'missing_pose_frame'
0000003438,frame_failed:'missing_pose_frame'
0000003440,frame_failed:'missing_pose_frame'
0000003442,frame_failed:'missing_pose_frame'
0000003444,frame_failed:'missing_pose_frame'
0000003446,frame_failed:'missing_pose_frame'
0000003448,frame_failed:'missing_pose_frame'
0000003450,frame_failed:'missing_pose_frame'
0000003528,frame_failed:'missing_pose_frame'
0000003530,frame_failed:'missing_pose_frame'
0000003532,frame_failed:'missing_pose_frame'
0000003534,frame_failed:'missing_pose_frame'
0000003535,frame_failed:'missing_pose_frame'
0000003537,frame_failed:'missing_pose_frame'
0000003538,frame_failed:'missing_pose_frame'
0000003539,frame_failed:'missing_pose_frame'
0000003540,frame_failed:'missing_pose_frame'
0000003541,frame_failed:'missing_pose_frame'
0000003542,frame_failed:'missing_pose_frame'
0000003544,frame_failed:'missing_pose_frame'
0000003545,frame_failed:'missing_pose_frame'
0000003546,frame_failed:'missing_pose_frame'
0000003547,frame_failed:'missing_pose_frame'
0000003548,frame_failed:'missing_pose_frame'
0000003549,frame_failed:'missing_pose_frame'
0000003550,frame_failed:'missing_pose_frame'
0000003552,frame_failed:'missing_pose_frame'
0000003553,frame_failed:'missing_pose_frame'
0000003554,frame_failed:'missing_pose_frame'
0000003556,frame_failed:'missing_pose_frame'
0000003558,frame_failed:'missing_pose_frame'
0000003560,frame_failed:'missing_pose_frame'
0000003562,frame_failed:'missing_pose_frame'
0000003564,frame_failed:'missing_pose_frame'
0000003566,frame_failed:'missing_pose_frame'
0000003568,frame_failed:'missing_pose_frame'
0000003569,frame_failed:'missing_pose_frame'
0000003571,frame_failed:'missing_pose_frame'
0000003572,frame_failed:'missing_pose_frame'
0000003574,frame_failed:'missing_pose_frame'
0000003575,frame_failed:'missing_pose_frame'
0000003577,frame_failed:'missing_pose_frame'
0000003578,frame_failed:'missing_pose_frame'
0000003580,frame_failed:'missing_pose_frame'
0000003581,frame_failed:'missing_pose_frame'
0000003583,frame_failed:'missing_pose_frame'
0000003584,frame_failed:'missing_pose_frame'
0000003586,frame_failed:'missing_pose_frame'
0000003587,frame_failed:'missing_pose_frame'
0000003589,frame_failed:'missing_pose_frame'
0000003590,frame_failed:'missing_pose_frame'
0000003592,frame_failed:'missing_pose_frame'
0000003593,frame_failed:'missing_pose_frame'
0000003595,frame_failed:'missing_pose_frame'
0000003596,frame_failed:'missing_pose_frame'
0000003598,frame_failed:'missing_pose_frame'
0000003599,frame_failed:'missing_pose_frame'
0000003601,frame_failed:'missing_pose_frame'
0000003602,frame_failed:'missing_pose_frame'
0000003604,frame_failed:'missing_pose_frame'
0000003605,frame_failed:'missing_pose_frame'
0000003607,frame_failed:'missing_pose_frame'
0000003608,frame_failed:'missing_pose_frame'
0000003609,frame_failed:'missing_pose_frame'
0000003611,frame_failed:'missing_pose_frame'
0000003612,frame_failed:'missing_pose_frame'
0000003613,frame_failed:'missing_pose_frame'
0000003615,frame_failed:'missing_pose_frame'
0000003616,frame_failed:'missing_pose_frame'
0000003618,frame_failed:'missing_pose_frame'
0000003619,frame_failed:'missing_pose_frame'
0000003620,frame_failed:'missing_pose_frame'
0000003621,frame_failed:'missing_pose_frame'
0000003622,frame_failed:'missing_pose_frame'
0000003623,frame_failed:'missing_pose_frame'
0000003624,frame_failed:'missing_pose_frame'
0000003625,frame_failed:'missing_pose_frame'
0000003627,frame_failed:'missing_pose_frame'
0000003628,frame_failed:'missing_pose_frame'
0000003629,frame_failed:'missing_pose_frame'
0000003630,frame_failed:'missing_pose_frame'
0000003631,frame_failed:'missing_pose_frame'
0000003632,frame_failed:'missing_pose_frame'
0000003633,frame_failed:'missing_pose_frame'
0000003634,frame_failed:'missing_pose_frame'
0000003635,frame_failed:'missing_pose_frame'
0000003636,frame_failed:'missing_pose_frame'
0000003637,frame_failed:'missing_pose_frame'
0000003638,frame_failed:'missing_pose_frame'
0000003639,frame_failed:'missing_pose_frame'
0000003640,frame_failed:'missing_pose_frame'
0000003641,frame_failed:'missing_pose_frame'
0000003642,frame_failed:'missing_pose_frame'
0000003645,frame_failed:'missing_pose_frame'
0000003647,frame_failed:'missing_pose_frame'
0000003649,frame_failed:'missing_pose_frame'
0000003650,frame_failed:'missing_pose_frame'
0000003652,frame_failed:'missing_pose_frame'
0000003653,frame_failed:'missing_pose_frame'
0000003654,frame_failed:'missing_pose_frame'
0000003655,frame_failed:'missing_pose_frame'
0000003656,frame_failed:'missing_pose_frame'
0000003658,frame_failed:'missing_pose_frame'
0000003659,frame_failed:'missing_pose_frame'
0000003660,frame_failed:'missing_pose_frame'
0000003661,frame_failed:'missing_pose_frame'
0000003662,frame_failed:'missing_pose_frame'
0000003663,frame_failed:'missing_pose_frame'
0000003664,frame_failed:'missing_pose_frame'
0000003665,frame_failed:'missing_pose_frame'
0000003666,frame_failed:'missing_pose_frame'
0000003667,frame_failed:'missing_pose_frame'
0000003668,frame_failed:'missing_pose_frame'
0000003669,frame_failed:'missing_pose_frame'
0000003670,frame_failed:'missing_pose_frame'
0000003671,frame_failed:'missing_pose_frame'
0000003672,frame_failed:'missing_pose_frame'
0000003673,frame_failed:'missing_pose_frame'
0000003674,frame_failed:'missing_pose_frame'
0000003675,frame_failed:'missing_pose_frame'
0000003676,frame_failed:'missing_pose_frame'
0000003677,frame_failed:'missing_pose_frame'
0000003678,frame_failed:'missing_pose_frame'
0000003679,frame_failed:'missing_pose_frame'
0000003680,frame_failed:'missing_pose_frame'
0000003681,frame_failed:'missing_pose_frame'
0000003682,frame_failed:'missing_pose_frame'
0000003683,frame_failed:'missing_pose_frame'
0000003685,frame_failed:'missing_pose_frame'
0000003686,frame_failed:'missing_pose_frame'
0000003687,frame_failed:'missing_pose_frame'
0000003688,frame_failed:'missing_pose_frame'
0000003689,frame_failed:'missing_pose_frame'
0000003690,frame_failed:'missing_pose_frame'
0000003691,frame_failed:'missing_pose_frame'
0000003692,frame_failed:'missing_pose_frame'
0000003693,frame_failed:'missing_pose_frame'
0000003694,frame_failed:'missing_pose_frame'
0000003695,frame_failed:'missing_pose_frame'
0000003696,frame_failed:'missing_pose_frame'
0000003697,frame_failed:'missing_pose_frame'
0000003698,frame_failed:'missing_pose_frame'
0000003699,frame_failed:'missing_pose_frame'
0000003700,frame_failed:'missing_pose_frame'
0000003701,frame_failed:'missing_pose_frame'
0000003702,frame_failed:'missing_pose_frame'
0000003703,frame_failed:'missing_pose_frame'
0000003704,frame_failed:'missing_pose_frame'
0000003705,frame_failed:'missing_pose_frame'
0000003706,frame_failed:'missing_pose_frame'
0000003707,frame_failed:'missing_pose_frame'
0000003708,frame_failed:'missing_pose_frame'
0000003709,frame_failed:'missing_pose_frame'
0000003710,frame_failed:'missing_pose_frame'
0000003711,frame_failed:'missing_pose_frame'
0000003712,frame_failed:'missing_pose_frame'
0000003713,frame_failed:'missing_pose_frame'
0000003714,frame_failed:'missing_pose_frame'
0000003715,frame_failed:'missing_pose_frame'
0000003716,frame_failed:'missing_pose_frame'
0000003717,frame_failed:'missing_pose_frame'
0000003718,frame_failed:'missing_pose_frame'
0000003719,frame_failed:'missing_pose_frame'
0000003720,frame_failed:'missing_pose_frame'
0000003721,frame_failed:'missing_pose_frame'
0000003722,frame_failed:'missing_pose_frame'
0000003723,frame_failed:'missing_pose_frame'
0000003724,frame_failed:'missing_pose_frame'
0000003725,frame_failed:'missing_pose_frame'
0000003726,frame_failed:'missing_pose_frame'
0000003727,frame_failed:'missing_pose_frame'
0000003728,frame_failed:'missing_pose_frame'
0000003729,frame_failed:'missing_pose_frame'
0000003730,frame_failed:'missing_pose_frame'
0000003731,frame_failed:'missing_pose_frame'
0000003732,frame_failed:'missing_pose_frame'
0000003733,frame_failed:'missing_pose_frame'
0000003734,frame_failed:'missing_pose_frame'
0000003735,frame_failed:'missing_pose_frame'
0000003736,frame_failed:'missing_pose_frame'
0000003737,frame_failed:'missing_pose_frame'
0000003738,frame_failed:'missing_pose_frame'
0000003739,frame_failed:'missing_pose_frame'
0000003740,frame_failed:'missing_pose_frame'
0000003741,frame_failed:'missing_pose_frame'
0000003742,frame_failed:'missing_pose_frame'
0000003744,frame_failed:'missing_pose_frame'
0000003745,frame_failed:'missing_pose_frame'
0000003746,frame_failed:'missing_pose_frame'
0000003747,frame_failed:'missing_pose_frame'
0000003748,frame_failed:'missing_pose_frame'
0000003749,frame_failed:'missing_pose_frame'
0000003750,frame_failed:'missing_pose_frame'
0000003751,frame_failed:'missing_pose_frame'
0000003752,frame_failed:'missing_pose_frame'
0000003753,frame_failed:'missing_pose_frame'
0000003754,frame_failed:'missing_pose_frame'
0000003755,frame_failed:'missing_pose_frame'
0000003756,frame_failed:'missing_pose_frame'
0000003757,frame_failed:'missing_pose_frame'
0000003758,frame_failed:'missing_pose_frame'
0000003759,frame_failed:'missing_pose_frame'
0000003760,frame_failed:'missing_pose_frame'
0000003761,frame_failed:'missing_pose_frame'
0000003762,frame_failed:'missing_pose_frame'
0000003763,frame_failed:'missing_pose_frame'
0000003764,frame_failed:'missing_pose_frame'
0000003765,frame_failed:'missing_pose_frame'
0000003766,frame_failed:'missing_pose_frame'
0000003767,frame_failed:'missing_pose_frame'
0000003768,frame_failed:'missing_pose_frame'
0000003769,frame_failed:'missing_pose_frame'
0000003770,frame_failed:'missing_pose_frame'
0000003771,frame_failed:'missing_pose_frame'
0000003772,frame_failed:'missing_pose_frame'
0000003773,frame_failed:'missing_pose_frame'
0000003774,frame_failed:'missing_pose_frame'
0000003775,frame_failed:'missing_pose_frame'
0000003776,frame_failed:'missing_pose_frame'
0000003777,frame_failed:'missing_pose_frame'
0000003778,frame_failed:'missing_pose_frame'
0000003779,frame_failed:'missing_pose_frame'
0000003780,frame_failed:'missing_pose_frame'
0000003781,frame_failed:'missing_pose_frame'
0000003782,frame_failed:'missing_pose_frame'
0000003783,frame_failed:'missing_pose_frame'
0000003784,frame_failed:'missing_pose_frame'
0000003785,frame_failed:'missing_pose_frame'
0000003786,frame_failed:'missing_pose_frame'
0000003787,frame_failed:'missing_pose_frame'
0000003788,frame_failed:'missing_pose_frame'
0000003789,frame_failed:'missing_pose_frame'
0000003790,frame_failed:'missing_pose_frame'
0000003791,frame_failed:'missing_pose_frame'
0000003792,frame_failed:'missing_pose_frame'
0000003793,frame_failed:'missing_pose_frame'
0000003794,frame_failed:'missing_pose_frame'
0000003795,frame_failed:'missing_pose_frame'
0000003796,frame_failed:'missing_pose_frame'
0000003797,frame_failed:'missing_pose_frame'
0000003798,frame_failed:'missing_pose_frame'
0000003799,frame_failed:'missing_pose_frame'
0000003800,frame_failed:'missing_pose_frame'
0000003801,frame_failed:'missing_pose_frame'
0000003802,frame_failed:'missing_pose_frame'
0000003803,frame_failed:'missing_pose_frame'
0000003804,frame_failed:'missing_pose_frame'
0000003805,frame_failed:'missing_pose_frame'
0000003806,frame_failed:'missing_pose_frame'
0000003807,frame_failed:'missing_pose_frame'
0000003808,frame_failed:'missing_pose_frame'
0000003809,frame_failed:'missing_pose_frame'
0000003810,frame_failed:'missing_pose_frame'
0000003811,frame_failed:'missing_pose_frame'
0000003812,frame_failed:'missing_pose_frame'
0000003813,frame_failed:'missing_pose_frame'
0000003814,frame_failed:'missing_pose_frame'
0000003815,frame_failed:'missing_pose_frame'
0000003816,frame_failed:'missing_pose_frame'
0000003817,frame_failed:'missing_pose_frame'
0000003818,frame_failed:'missing_pose_frame'
0000003819,frame_failed:'missing_pose_frame'
0000003820,frame_failed:'missing_pose_frame'
0000003821,frame_failed:'missing_pose_frame'
0000003822,frame_failed:'missing_pose_frame'
0000003823,frame_failed:'missing_pose_frame'
0000003824,frame_failed:'missing_pose_frame'
0000003825,frame_failed:'missing_pose_frame'
0000003826,frame_failed:'missing_pose_frame'
0000003827,frame_failed:'missing_pose_frame'
0000003828,frame_failed:'missing_pose_frame'
0000003829,frame_failed:'missing_pose_frame'
0000003830,frame_failed:'missing_pose_frame'
0000003831,frame_failed:'missing_pose_frame'
0000003832,frame_failed:'missing_pose_frame'
0000003833,frame_failed:'missing_pose_frame'
0000003834,frame_failed:'missing_pose_frame'
0000003835,frame_failed:'missing_pose_frame'
